"","NTopics","Binary","Alpha","Beta","Cutoff","City","MinUsers","MinVenues","m","sd","nmi"
"1",20,"false","0.6","0.01",0.005,"new_york",2,2,14.775,5.58609767006335,0.115817
"2",40,"false","0.6","0.01",0.005,"new_york",2,2,24.6,6.96210356687901,0.111072
"3",80,"false","0.6","0.01",0.005,"new_york",2,2,32.16875,6.67787285361563,0.0919718
"4",20,"true","0.6","0.01",0.005,"new_york",2,2,8.71794871794872,4.81745028624674,0.459199
"5",40,"true","0.6","0.01",0.005,"new_york",2,2,12.126582278481,7.31238340009181,0.306287
"6",80,"true","0.6","0.01",0.005,"new_york",2,2,17.7421383647799,9.09876458193325,0.219835
"7",20,"false","20.0","0.01",0.005,"new_york",2,2,14.975,5.93333693459989,0.129416
"8",40,"false","20.0","0.01",0.005,"new_york",2,2,25,7.32258514218558,0.113442
"9",80,"false","20.0","0.01",0.005,"new_york",2,2,33.24375,6.78394968071257,0.112829
"10",20,"true","20.0","0.01",0.005,"new_york",2,2,10.125,5.44994707102033,0.533453
"11",40,"true","20.0","0.01",0.005,"new_york",2,2,17.175,7.50657939258723,0.311382
"12",80,"true","20.0","0.01",0.005,"new_york",2,2,26.2375,8.61948027734691,0.237957
"13",20,"false","50.0","0.01",0.005,"new_york",2,2,15.075,6.47039609614633,0.0935201
"14",40,"false","50.0","0.01",0.005,"new_york",2,2,25.7125,7.71681338771124,0.0938759
"15",80,"false","50.0","0.01",0.005,"new_york",2,2,32.66875,7.10984955479537,0.0983438
"16",20,"true","50.0","0.01",0.005,"new_york",2,2,13.225,5.91168985342405,0.390854
"17",40,"true","50.0","0.01",0.005,"new_york",2,2,20.6375,7.40209301567187,0.321944
"18",80,"true","50.0","0.01",0.005,"new_york",2,2,28.95,9.10580711801212,0.198796
"19",20,"false","100.0","0.01",0.005,"new_york",2,2,15.3,6.26426577030586,0.123668
"20",40,"false","100.0","0.01",0.005,"new_york",2,2,25.5625,8.09100727562256,0.104119
"21",80,"false","100.0","0.01",0.005,"new_york",2,2,33.5875,6.97830195056129,0.091048
"22",20,"true","100.0","0.01",0.005,"new_york",2,2,15.7,6.71087903600545,0.410046
"23",40,"true","100.0","0.01",0.005,"new_york",2,2,23.875,8.7690118953194,0.222469
"24",80,"true","100.0","0.01",0.005,"new_york",2,2,32.575,9.08558191543824,0.139118
"25",20,"false","0.6","1.0",0.005,"new_york",2,2,14.875,6.35362807721618,0.0808384
"26",40,"false","0.6","1.0",0.005,"new_york",2,2,23.7375,6.41742830703619,0.07552
"27",80,"false","0.6","1.0",0.005,"new_york",2,2,30.80625,6.47928180952917,0.0799012
"28",20,"true","0.6","1.0",0.005,"new_york",2,2,6.61764705882353,4.17797040680551,0.396072
"29",40,"true","0.6","1.0",0.005,"new_york",2,2,6.73684210526316,5.12530945333852,0.287433
"30",80,"true","0.6","1.0",0.005,"new_york",2,2,5.515625,5.40132901781868,0.286557
"31",20,"false","20.0","1.0",0.005,"new_york",2,2,14.875,5.31175522682885,0.1637
"32",40,"false","20.0","1.0",0.005,"new_york",2,2,24.5,6.66561173087928,0.104745
"33",80,"false","20.0","1.0",0.005,"new_york",2,2,31.6625,5.92392813328301,0.0670311
"34",20,"true","20.0","1.0",0.005,"new_york",2,2,9.25,5.45729340259907,0.469522
"35",40,"true","20.0","1.0",0.005,"new_york",2,2,12.4875,6.62941994904226,0.288845
"36",80,"true","20.0","1.0",0.005,"new_york",2,2,13.2658227848101,8.69835457133414,0.186399
"37",20,"false","50.0","1.0",0.005,"new_york",2,2,15.8,6.56017510710632,0.152345
"38",40,"false","50.0","1.0",0.005,"new_york",2,2,24.925,7.4930769735567,0.0696687
"39",80,"false","50.0","1.0",0.005,"new_york",2,2,31.7875,6.28504013986772,0.0596593
"40",20,"true","50.0","1.0",0.005,"new_york",2,2,13.975,5.76233348388369,0.384119
"41",40,"true","50.0","1.0",0.005,"new_york",2,2,19.875,7.42962765477568,0.316429
"42",80,"true","50.0","1.0",0.005,"new_york",2,2,28.19375,8.77209474563602,0.166483
"43",20,"false","100.0","1.0",0.005,"new_york",2,2,15.125,6.56012624956688,0.161789
"44",40,"false","100.0","1.0",0.005,"new_york",2,2,25.2625,7.47272466534467,0.0900928
"45",80,"false","100.0","1.0",0.005,"new_york",2,2,32.54375,6.21607459200204,0.0720409
"46",20,"true","100.0","1.0",0.005,"new_york",2,2,15.95,6.97964072251463,0.277847
"47",40,"true","100.0","1.0",0.005,"new_york",2,2,24.0375,8.93073735031174,0.161514
"48",80,"true","100.0","1.0",0.005,"new_york",2,2,31.6,9.81283974695251,0.0863264
"49",20,"false","0.6","0.01",0.01,"new_york",2,2,3.65714285714286,2.3507552871722,0.31054
"50",40,"false","0.6","0.01",0.01,"new_york",2,2,7.30769230769231,3.11805672210717,0.139098
"51",80,"false","0.6","0.01",0.01,"new_york",2,2,11.9367088607595,4.26761399693083,0.0988028
"52",20,"true","0.6","0.01",0.01,"new_york",2,2,2.68965517241379,2.56492060968564,0.691886
"53",40,"true","0.6","0.01",0.01,"new_york",2,2,3.24193548387097,2.31662193205911,0.431794
"54",80,"true","0.6","0.01",0.01,"new_york",2,2,5.064,3.24967492170743,0.32434
"55",20,"false","20.0","0.01",0.01,"new_york",2,2,3.61764705882353,2.25650179625593,0.303458
"56",40,"false","20.0","0.01",0.01,"new_york",2,2,7.34615384615385,3.2626454212579,0.163946
"57",80,"false","20.0","0.01",0.01,"new_york",2,2,12.26875,4.52626420020561,0.152661
"58",20,"true","20.0","0.01",0.01,"new_york",2,2,3,2.49284690951645,0.670153
"59",40,"true","20.0","0.01",0.01,"new_york",2,2,4.44444444444444,2.65843800844734,0.389241
"60",80,"true","20.0","0.01",0.01,"new_york",2,2,7.27333333333333,3.76115194881873,0.296057
"61",20,"false","50.0","0.01",0.01,"new_york",2,2,3.41666666666667,2.22164675088419,0.31451
"62",40,"false","50.0","0.01",0.01,"new_york",2,2,7.64935064935065,3.50100073575299,0.144773
"63",80,"false","50.0","0.01",0.01,"new_york",2,2,12.2264150943396,4.45643401788023,0.139592
"64",20,"true","50.0","0.01",0.01,"new_york",2,2,3.39393939393939,2.70346298683968,0.544528
"65",40,"true","50.0","0.01",0.01,"new_york",2,2,5.22077922077922,3.44743755572384,0.445391
"66",80,"true","50.0","0.01",0.01,"new_york",2,2,7.36075949367089,4.07449477846641,0.247096
"67",20,"false","100.0","0.01",0.01,"new_york",2,2,3.63888888888889,1.82291411564447,0.121991
"68",40,"false","100.0","0.01",0.01,"new_york",2,2,7.73076923076923,3.40996658750084,0.145768
"69",80,"false","100.0","0.01",0.01,"new_york",2,2,12.0125,4.34515200101788,0.120524
"70",20,"true","100.0","0.01",0.01,"new_york",2,2,4.38888888888889,2.54421223034083,0.413155
"71",40,"true","100.0","0.01",0.01,"new_york",2,2,7.45333333333333,3.5803266245887,0.284534
"72",80,"true","100.0","0.01",0.01,"new_york",2,2,10.28125,4.84757849813672,0.18459
"73",20,"false","0.6","1.0",0.01,"new_york",2,2,3.66666666666667,2.16465107712866,0.120927
"74",40,"false","0.6","1.0",0.01,"new_york",2,2,7.27272727272727,3.19801074533416,0.068758
"75",80,"false","0.6","1.0",0.01,"new_york",2,2,11.2848101265823,3.99855351577236,0.0736366
"76",20,"true","0.6","1.0",0.01,"new_york",2,2,2.2,2.11759545860766,0.726759
"77",40,"true","0.6","1.0",0.01,"new_york",2,2,2.48275862068966,2.02873446926847,0.621327
"78",80,"true","0.6","1.0",0.01,"new_york",2,2,2.48,2.08406653764541,0.606786
"79",20,"false","20.0","1.0",0.01,"new_york",2,2,3.54285714285714,2.29247948406828,0.292754
"80",40,"false","20.0","1.0",0.01,"new_york",2,2,7.52564102564103,3.04393951411124,0.115889
"81",80,"false","20.0","1.0",0.01,"new_york",2,2,11.6898734177215,4.05205287082379,0.0600444
"82",20,"true","20.0","1.0",0.01,"new_york",2,2,2.23333333333333,1.27801930084539,0.534538
"83",40,"true","20.0","1.0",0.01,"new_york",2,2,3.21311475409836,2.06651682869477,0.564327
"84",80,"true","20.0","1.0",0.01,"new_york",2,2,3.57798165137615,2.28640741153279,0.298029
"85",20,"false","50.0","1.0",0.01,"new_york",2,2,3.65714285714286,2.3507552871722,0.225101
"86",40,"false","50.0","1.0",0.01,"new_york",2,2,7.65384615384615,3.50445698806802,0.161347
"87",80,"false","50.0","1.0",0.01,"new_york",2,2,11.9119496855346,4.54009374770596,0.0881641
"88",20,"true","50.0","1.0",0.01,"new_york",2,2,3.10810810810811,2.28258848902079,0.479555
"89",40,"true","50.0","1.0",0.01,"new_york",2,2,5.17808219178082,2.89320307768159,0.360709
"90",80,"true","50.0","1.0",0.01,"new_york",2,2,7.54248366013072,3.86616042378335,0.248157
"91",20,"false","100.0","1.0",0.01,"new_york",2,2,3.79411764705882,2.33263294810569,0.243899
"92",40,"false","100.0","1.0",0.01,"new_york",2,2,7.48101265822785,3.57290644991409,0.149514
"93",80,"false","100.0","1.0",0.01,"new_york",2,2,12.4713375796178,3.79196267013795,0.102175
"94",20,"true","100.0","1.0",0.01,"new_york",2,2,4.62857142857143,2.83969462200049,0.416246
"95",40,"true","100.0","1.0",0.01,"new_york",2,2,7.26666666666667,3.67729826401429,0.1714
"96",80,"true","100.0","1.0",0.01,"new_york",2,2,9.6375,5.07365559848868,0.0871387
"97",20,"false","0.6","0.01",0.005,"san_francisco",2,2,23.175,6.97205962285288,0.134379
"98",40,"false","0.6","0.01",0.005,"san_francisco",2,2,31.55,5.90408569112113,0.0546013
"99",80,"false","0.6","0.01",0.005,"san_francisco",2,2,37.99375,7.10079885221534,0.0346496
"100",20,"true","0.6","0.01",0.005,"san_francisco",2,2,11.7692307692308,6.66673414270846,0.246261
"101",40,"true","0.6","0.01",0.005,"san_francisco",2,2,17.9375,8.27432164797678,0.205333
"102",80,"true","0.6","0.01",0.005,"san_francisco",2,2,20.5911949685535,9.98493411708391,0.086437
"103",20,"false","20.0","0.01",0.005,"san_francisco",2,2,24.75,6.58572660165869,0.120734
"104",40,"false","20.0","0.01",0.005,"san_francisco",2,2,31.6375,6.13610140939091,0.090876
"105",80,"false","20.0","0.01",0.005,"san_francisco",2,2,39.00625,6.80038555603223,0.042521
"106",20,"true","20.0","0.01",0.005,"san_francisco",2,2,16.925,7.90127383433382,0.291701
"107",40,"true","20.0","0.01",0.005,"san_francisco",2,2,25.6125,9.16307083289263,0.234804
"108",80,"true","20.0","0.01",0.005,"san_francisco",2,2,34.56875,9.74041820741522,0.0894932
"109",20,"false","50.0","0.01",0.005,"san_francisco",2,2,24.3,6.30913054272363,0.117404
"110",40,"false","50.0","0.01",0.005,"san_francisco",2,2,32.3875,5.27831424470188,0.0949114
"111",80,"false","50.0","0.01",0.005,"san_francisco",2,2,39.2375,7.82713189557272,0.0473326
"112",20,"true","50.0","0.01",0.005,"san_francisco",2,2,20,8.72367835850016,0.332569
"113",40,"true","50.0","0.01",0.005,"san_francisco",2,2,30.5125,9.32397718963916,0.191653
"114",80,"true","50.0","0.01",0.005,"san_francisco",2,2,39.36875,9.83935230457701,0.0901743
"115",20,"false","100.0","0.01",0.005,"san_francisco",2,2,24.7,6.26835765510454,0.0781005
"116",40,"false","100.0","0.01",0.005,"san_francisco",2,2,32.3625,5.52152003929206,0.093945
"117",80,"false","100.0","0.01",0.005,"san_francisco",2,2,38.7,7.59410562552117,0.0648967
"118",20,"true","100.0","0.01",0.005,"san_francisco",2,2,12.35,9.35222447143473,0
"119",40,"true","100.0","0.01",0.005,"san_francisco",2,2,23.775,10.3630001520746,0.0315263
"120",80,"true","100.0","0.01",0.005,"san_francisco",2,2,34.46875,8.6989639193665,0.0164345
"121",20,"false","0.6","1.0",0.005,"san_francisco",2,2,22.475,6.30013227374368,0.0989244
"122",40,"false","0.6","1.0",0.005,"san_francisco",2,2,30.0125,5.48298576611251,0.0712495
"123",80,"false","0.6","1.0",0.005,"san_francisco",2,2,37.15,6.69290434366569,0.0339542
"124",20,"true","0.6","1.0",0.005,"san_francisco",2,2,7.66666666666667,6.18331087147762,0.448845
"125",40,"true","0.6","1.0",0.005,"san_francisco",2,2,8.61111111111111,7.17133910613376,0.418698
"126",80,"true","0.6","1.0",0.005,"san_francisco",2,2,6.86666666666667,4.43793173620754,0.34717
"127",20,"false","20.0","1.0",0.005,"san_francisco",2,2,23.075,5.59939328215166,0.110229
"128",40,"false","20.0","1.0",0.005,"san_francisco",2,2,31.15,5.79633231918516,0.0673068
"129",80,"false","20.0","1.0",0.005,"san_francisco",2,2,38.2875,7.3641896572655,0.0649715
"130",20,"true","20.0","1.0",0.005,"san_francisco",2,2,15.05,7.44535649471087,0.230945
"131",40,"true","20.0","1.0",0.005,"san_francisco",2,2,22.9625,8.75610998248174,0.189081
"132",80,"true","20.0","1.0",0.005,"san_francisco",2,2,26.15625,10.092993319672,0.0582926
"133",20,"false","50.0","1.0",0.005,"san_francisco",2,2,24.225,6.65827998117324,0.134279
"134",40,"false","50.0","1.0",0.005,"san_francisco",2,2,32.3375,5.63205956437864,0.0730042
"135",80,"false","50.0","1.0",0.005,"san_francisco",2,2,39.25,7.05593108824148,0.0499584
"136",20,"true","50.0","1.0",0.005,"san_francisco",2,2,21.45,9.54866080018151,0.303804
"137",40,"true","50.0","1.0",0.005,"san_francisco",2,2,28.825,11.2348632345362,0.163216
"138",80,"true","50.0","1.0",0.005,"san_francisco",2,2,40.6125,8.84811567190417,0.0746713
"139",20,"false","100.0","1.0",0.005,"san_francisco",2,2,24.6,5.8124534737592,0.095651
"140",40,"false","100.0","1.0",0.005,"san_francisco",2,2,32.6625,5.8913017838896,0.0821833
"141",80,"false","100.0","1.0",0.005,"san_francisco",2,2,38.8625,7.34203671637878,0.0535107
"142",20,"true","100.0","1.0",0.005,"san_francisco",2,2,11.85,8.60992271921004,0
"143",40,"true","100.0","1.0",0.005,"san_francisco",2,2,22.875,9.77645712536247,0.0217926
"144",80,"true","100.0","1.0",0.005,"san_francisco",2,2,30.30625,9.80501532235917,0.0194941
"145",20,"false","0.6","0.01",0.01,"san_francisco",2,2,6.7,4.07745521442493,0.175623
"146",40,"false","0.6","0.01",0.01,"san_francisco",2,2,10.475,3.81527575856897,0.0801242
"147",80,"false","0.6","0.01",0.01,"san_francisco",2,2,14.95625,3.66583216632978,0.0372147
"148",20,"true","0.6","0.01",0.01,"san_francisco",2,2,3.14814814814815,2.24813946500902,0.485904
"149",40,"true","0.6","0.01",0.01,"san_francisco",2,2,4.35820895522388,3.11740710312036,0.289603
"150",80,"true","0.6","0.01",0.01,"san_francisco",2,2,4.99206349206349,3.69755818181898,0.188546
"151",20,"false","20.0","0.01",0.01,"san_francisco",2,2,6.85,3.99711434373888,0.148651
"152",40,"false","20.0","0.01",0.01,"san_francisco",2,2,11.625,4.09808538191536,0.0770082
"153",80,"false","20.0","0.01",0.01,"san_francisco",2,2,15.4125,3.74734706998072,0.0857098
"154",20,"true","20.0","0.01",0.01,"san_francisco",2,2,3.79411764705882,2.70554326326084,0.356352
"155",40,"true","20.0","0.01",0.01,"san_francisco",2,2,6.64383561643836,4.01860210290738,0.304819
"156",80,"true","20.0","0.01",0.01,"san_francisco",2,2,9.29299363057325,4.84537996511826,0.139501
"157",20,"false","50.0","0.01",0.01,"san_francisco",2,2,6.74358974358974,3.35385048718907,0.116727
"158",40,"false","50.0","0.01",0.01,"san_francisco",2,2,11.3875,4.20817092471843,0.0920852
"159",80,"false","50.0","0.01",0.01,"san_francisco",2,2,15.5625,3.7862503646615,0.0716541
"160",20,"true","50.0","0.01",0.01,"san_francisco",2,2,4.475,3.50814071582816,0.377072
"161",40,"true","50.0","0.01",0.01,"san_francisco",2,2,7.82278481012658,4.04702959658856,0.250561
"162",80,"true","50.0","0.01",0.01,"san_francisco",2,2,11.79375,5.74302626051203,0.143157
"163",20,"false","100.0","0.01",0.01,"san_francisco",2,2,6.66666666666667,3.23088168945074,0.107883
"164",40,"false","100.0","0.01",0.01,"san_francisco",2,2,11.8625,3.87377992225629,0.086087
"165",80,"false","100.0","0.01",0.01,"san_francisco",2,2,15.40625,3.54361304267642,0.0737635
"166",20,"true","100.0","0.01",0.01,"san_francisco",2,2,3.95238095238095,2.85440344864195,0.0831115
"167",40,"true","100.0","0.01",0.01,"san_francisco",2,2,5.42465753424658,4.78399475165536,0.03996
"168",80,"true","100.0","0.01",0.01,"san_francisco",2,2,10.76875,5.56066811401416,0.0288186
"169",20,"false","0.6","1.0",0.01,"san_francisco",2,2,6.8,3.68781778291716,0.115298
"170",40,"false","0.6","1.0",0.01,"san_francisco",2,2,10.45,4.02177616785218,0.0771121
"171",80,"false","0.6","1.0",0.01,"san_francisco",2,2,14.31875,3.42277219470641,0.0414418
"172",20,"true","0.6","1.0",0.01,"san_francisco",2,2,2.36363636363636,1.74772579501061,0.692768
"173",40,"true","0.6","1.0",0.01,"san_francisco",2,2,2.875,1.5526475085203,0.715673
"174",80,"true","0.6","1.0",0.01,"san_francisco",2,2,2.11111111111111,1.05409255338946,0.523517
"175",20,"false","20.0","1.0",0.01,"san_francisco",2,2,6.875,3.83096359305098,0.115098
"176",40,"false","20.0","1.0",0.01,"san_francisco",2,2,11.0875,4.18615484723909,0.0619961
"177",80,"false","20.0","1.0",0.01,"san_francisco",2,2,15.19375,3.52260780151161,0.0676788
"178",20,"true","20.0","1.0",0.01,"san_francisco",2,2,3.73333333333333,2.9934795038934,0.501079
"179",40,"true","20.0","1.0",0.01,"san_francisco",2,2,5.53246753246753,3.84428631246704,0.2984
"180",80,"true","20.0","1.0",0.01,"san_francisco",2,2,6.44055944055944,4.04137470967209,0.123139
"181",20,"false","50.0","1.0",0.01,"san_francisco",2,2,7.28205128205128,3.94667560271812,0.182946
"182",40,"false","50.0","1.0",0.01,"san_francisco",2,2,11.25,4.01421524717259,0.0663731
"183",80,"false","50.0","1.0",0.01,"san_francisco",2,2,15.425,3.6524309127384,0.0615677
"184",20,"true","50.0","1.0",0.01,"san_francisco",2,2,6.25,3.51953076051248,0.23609
"185",40,"true","50.0","1.0",0.01,"san_francisco",2,2,7.24358974358974,4.67984320260117,0.21715
"186",80,"true","50.0","1.0",0.01,"san_francisco",2,2,11.1625,6.00826213113892,0.115397
"187",20,"false","100.0","1.0",0.01,"san_francisco",2,2,6.85,4.41181397659767,0.127038
"188",40,"false","100.0","1.0",0.01,"san_francisco",2,2,11.525,4.22162905745332,0.0773095
"189",80,"false","100.0","1.0",0.01,"san_francisco",2,2,15.54375,3.60964270257481,0.05676
"190",20,"true","100.0","1.0",0.01,"san_francisco",2,2,3.81818181818182,3.04937719849501,0.0882434
"191",40,"true","100.0","1.0",0.01,"san_francisco",2,2,5.54054054054054,4.79779969315042,0.0407042
"192",80,"true","100.0","1.0",0.01,"san_francisco",2,2,7.775,5.08908067713264,0.0219817
"193",20,"false","0.6","0.01",0.005,"new_york",2,5,19.575,7.21781094735758,0.137959
"194",40,"false","0.6","0.01",0.005,"new_york",2,5,30.575,9.27876983334823,0.137132
"195",80,"false","0.6","0.01",0.005,"new_york",2,5,38.7125,7.9963729985585,0.101164
"196",20,"true","0.6","0.01",0.005,"new_york",2,5,13.675,6.31801453720294,0.442002
"197",40,"true","0.6","0.01",0.005,"new_york",2,5,21.05,6.35231443917705,0.343497
"198",80,"true","0.6","0.01",0.005,"new_york",2,5,28.49375,7.47826778028914,0.150724
"199",20,"false","20.0","0.01",0.005,"new_york",2,5,19.375,7.59449024301711,0.115716
"200",40,"false","20.0","0.01",0.005,"new_york",2,5,31.2875,9.05705368864441,0.133653
"201",80,"false","20.0","0.01",0.005,"new_york",2,5,38.96875,8.3526231145121,0.117266
"202",20,"true","20.0","0.01",0.005,"new_york",2,5,15.65,6.12498037673466,0.497633
"203",40,"true","20.0","0.01",0.005,"new_york",2,5,25.9125,6.0696250379464,0.261835
"204",80,"true","20.0","0.01",0.005,"new_york",2,5,38.10625,6.62907344806755,0.184984
"205",20,"false","50.0","0.01",0.005,"new_york",2,5,21,8.58143494067429,0.188062
"206",40,"false","50.0","0.01",0.005,"new_york",2,5,31.8125,9.44148367175682,0.158036
"207",80,"false","50.0","0.01",0.005,"new_york",2,5,39.16875,8.55336329082927,0.100967
"208",20,"true","50.0","0.01",0.005,"new_york",2,5,18.225,6.43104449785051,0.326592
"209",40,"true","50.0","0.01",0.005,"new_york",2,5,28.025,6.10659531401205,0.258919
"210",80,"true","50.0","0.01",0.005,"new_york",2,5,41.5875,7.90222283830085,0.137371
"211",20,"false","100.0","0.01",0.005,"new_york",2,5,20.5,7.98395827541638,0.22446
"212",40,"false","100.0","0.01",0.005,"new_york",2,5,31.45,9.65073618232099,0.0782845
"213",80,"false","100.0","0.01",0.005,"new_york",2,5,39.5375,8.33035481361717,0.0764399
"214",20,"true","100.0","0.01",0.005,"new_york",2,5,22.775,7.87559521560117,0.293147
"215",40,"true","100.0","0.01",0.005,"new_york",2,5,34.2125,7.20178204036765,0.231458
"216",80,"true","100.0","0.01",0.005,"new_york",2,5,44.65625,8.41535499462349,0.092388
"217",20,"false","0.6","1.0",0.005,"new_york",2,5,19.55,7.5953764613575,0.133719
"218",40,"false","0.6","1.0",0.005,"new_york",2,5,29.875,8.58225280978947,0.0451427
"219",80,"false","0.6","1.0",0.005,"new_york",2,5,38.1375,7.80943430415695,0.0582051
"220",20,"true","0.6","1.0",0.005,"new_york",2,5,9.40540540540541,5.65910995877669,0.427571
"221",40,"true","0.6","1.0",0.005,"new_york",2,5,8.84848484848485,6.50737433577635,0.178807
"222",80,"true","0.6","1.0",0.005,"new_york",2,5,7.38461538461539,6.41485988548677,0.170334
"223",20,"false","20.0","1.0",0.005,"new_york",2,5,19.5,7.50726144202893,0.103454
"224",40,"false","20.0","1.0",0.005,"new_york",2,5,30.7875,8.82988846926997,0.135817
"225",80,"false","20.0","1.0",0.005,"new_york",2,5,38.4625,7.76128717522759,0.090106
"226",20,"true","20.0","1.0",0.005,"new_york",2,5,14.85,6.13752643735494,0.367742
"227",40,"true","20.0","1.0",0.005,"new_york",2,5,23.2,5.62633950295675,0.243184
"228",80,"true","20.0","1.0",0.005,"new_york",2,5,28.95625,6.98096862591251,0.188112
"229",20,"false","50.0","1.0",0.005,"new_york",2,5,20.3,8.16245312547895,0.194373
"230",40,"false","50.0","1.0",0.005,"new_york",2,5,31.5,8.65659915098068,0.115799
"231",80,"false","50.0","1.0",0.005,"new_york",2,5,39.18125,8.15099012004719,0.0777592
"232",20,"true","50.0","1.0",0.005,"new_york",2,5,19.05,6.52784960862461,0.365438
"233",40,"true","50.0","1.0",0.005,"new_york",2,5,29.4,6.25937271900652,0.344834
"234",80,"true","50.0","1.0",0.005,"new_york",2,5,42.15625,7.06621590617669,0.136252
"235",20,"false","100.0","1.0",0.005,"new_york",2,5,21.15,8.56513505214824,0.166614
"236",40,"false","100.0","1.0",0.005,"new_york",2,5,31.5875,9.47707927821487,0.129749
"237",80,"false","100.0","1.0",0.005,"new_york",2,5,39.5,8.16650622355552,0.0925724
"238",20,"true","100.0","1.0",0.005,"new_york",2,5,21.8,6.3818653329732,0.27082
"239",40,"true","100.0","1.0",0.005,"new_york",2,5,32.8875,7.37596807634707,0.14438
"240",80,"true","100.0","1.0",0.005,"new_york",2,5,43.4125,7.74546935940517,0.106254
"241",20,"false","0.6","0.01",0.01,"new_york",2,5,4.94444444444444,2.77688874662114,0.203793
"242",40,"false","0.6","0.01",0.01,"new_york",2,5,9.98717948717949,4.21652158527076,0.12353
"243",80,"false","0.6","0.01",0.01,"new_york",2,5,15.0125,5.42529308253909,0.131732
"244",20,"true","0.6","0.01",0.01,"new_york",2,5,3.45454545454545,2.37290577524305,0.494905
"245",40,"true","0.6","0.01",0.01,"new_york",2,5,5.06849315068493,2.95488657012643,0.43485
"246",80,"true","0.6","0.01",0.01,"new_york",2,5,6.87741935483871,3.54440382742017,0.19245
"247",20,"false","20.0","0.01",0.01,"new_york",2,5,4.94594594594595,2.96222463273378,0.228288
"248",40,"false","20.0","0.01",0.01,"new_york",2,5,9.82051282051282,4.13330970098408,0.149197
"249",80,"false","20.0","0.01",0.01,"new_york",2,5,15.3333333333333,5.3718283744353,0.109236
"250",20,"true","20.0","0.01",0.01,"new_york",2,5,4,2.75680975041804,0.586182
"251",40,"true","20.0","0.01",0.01,"new_york",2,5,6.05,3.18580713298963,0.330576
"252",80,"true","20.0","0.01",0.01,"new_york",2,5,10.75625,3.72100425174568,0.243977
"253",20,"false","50.0","0.01",0.01,"new_york",2,5,5.36111111111111,2.82996999254942,0.288675
"254",40,"false","50.0","0.01",0.01,"new_york",2,5,10.3376623376623,4.43849900425805,0.197386
"255",80,"false","50.0","0.01",0.01,"new_york",2,5,15.6962025316456,5.21109651500104,0.114973
"256",20,"true","50.0","0.01",0.01,"new_york",2,5,4.45945945945946,3.09654462079728,0.395462
"257",40,"true","50.0","0.01",0.01,"new_york",2,5,7.2375,3.63959849642648,0.26807
"258",80,"true","50.0","0.01",0.01,"new_york",2,5,12.86875,3.82497893281492,0.169241
"259",20,"false","100.0","0.01",0.01,"new_york",2,5,5.13513513513514,3.11057481435115,0.270479
"260",40,"false","100.0","0.01",0.01,"new_york",2,5,9.9746835443038,4.51202008185743,0.151272
"261",80,"false","100.0","0.01",0.01,"new_york",2,5,15.4213836477987,5.2535505146625,0.123774
"262",20,"true","100.0","0.01",0.01,"new_york",2,5,5.975,3.39296028376099,0.233864
"263",40,"true","100.0","0.01",0.01,"new_york",2,5,10.1875,4.06309026870504,0.259256
"264",80,"true","100.0","0.01",0.01,"new_york",2,5,15.73125,4.30404501127945,0.129348
"265",20,"false","0.6","1.0",0.01,"new_york",2,5,5.22222222222222,2.50839859114605,0.136532
"266",40,"false","0.6","1.0",0.01,"new_york",2,5,9.2051282051282,3.78431134039105,0.0505654
"267",80,"false","0.6","1.0",0.01,"new_york",2,5,14.36875,5.01522446308182,0.0632346
"268",20,"true","0.6","1.0",0.01,"new_york",2,5,3.28,2.54165300542777,0.669663
"269",40,"true","0.6","1.0",0.01,"new_york",2,5,3,2.61696099483444,0.547167
"270",80,"true","0.6","1.0",0.01,"new_york",2,5,3.02631578947368,2.47677691720142,0.377206
"271",20,"false","20.0","1.0",0.01,"new_york",2,5,4.86111111111111,2.76873130077171,0.110385
"272",40,"false","20.0","1.0",0.01,"new_york",2,5,10.0897435897436,4.12526550876613,0.138199
"273",80,"false","20.0","1.0",0.01,"new_york",2,5,15.2452830188679,5.15913468008362,0.11768
"274",20,"true","20.0","1.0",0.01,"new_york",2,5,3.61111111111111,2.30871365269899,0.615164
"275",40,"true","20.0","1.0",0.01,"new_york",2,5,5.3974358974359,2.79767873906321,0.374266
"276",80,"true","20.0","1.0",0.01,"new_york",2,5,6.58490566037736,3.60783585819135,0.231363
"277",20,"false","50.0","1.0",0.01,"new_york",2,5,5.42857142857143,2.94344450367567,0.166821
"278",40,"false","50.0","1.0",0.01,"new_york",2,5,10.4615384615385,4.60573416653493,0.109484
"279",80,"false","50.0","1.0",0.01,"new_york",2,5,15.325,5.288589829996,0.0960705
"280",20,"true","50.0","1.0",0.01,"new_york",2,5,4.58974358974359,2.73108758669652,0.396079
"281",40,"true","50.0","1.0",0.01,"new_york",2,5,7.775,3.62122784967206,0.347858
"282",80,"true","50.0","1.0",0.01,"new_york",2,5,12.725,3.65656126047032,0.179353
"283",20,"false","100.0","1.0",0.01,"new_york",2,5,5.61111111111111,3.01688370700418,0.188594
"284",40,"false","100.0","1.0",0.01,"new_york",2,5,10.2911392405063,4.44092823149469,0.145773
"285",80,"false","100.0","1.0",0.01,"new_york",2,5,15.11875,5.22135416421603,0.109651
"286",20,"true","100.0","1.0",0.01,"new_york",2,5,5.725,3.13775601672801,0.385693
"287",40,"true","100.0","1.0",0.01,"new_york",2,5,10.475,3.86799591585401,0.151098
"288",80,"true","100.0","1.0",0.01,"new_york",2,5,16.38125,3.88817247818635,0.121408
"289",20,"false","0.6","0.01",0.005,"san_francisco",2,5,31.8,9.00484200234404,0.146217
"290",40,"false","0.6","0.01",0.005,"san_francisco",2,5,38.55,6.68627916811167,0.111737
"291",80,"false","0.6","0.01",0.005,"san_francisco",2,5,44.8375,9.84016125807426,0.0433704
"292",20,"true","0.6","0.01",0.005,"san_francisco",2,5,19.125,7.06086179094091,0.262301
"293",40,"true","0.6","0.01",0.005,"san_francisco",2,5,31.775,8.39827438574305,0.170425
"294",80,"true","0.6","0.01",0.005,"san_francisco",2,5,39.16875,12.0409269973692,0.102159
"295",20,"false","20.0","0.01",0.005,"san_francisco",2,5,30.75,8.67873912619298,0.156922
"296",40,"false","20.0","0.01",0.005,"san_francisco",2,5,39.6625,6.72600046673214,0.103706
"297",80,"false","20.0","0.01",0.005,"san_francisco",2,5,43.41875,10.1859885729146,0.0410518
"298",20,"true","20.0","0.01",0.005,"san_francisco",2,5,27.25,6.76624351335741,0.355603
"299",40,"true","20.0","0.01",0.005,"san_francisco",2,5,39.55,7.5989672849321,0.167767
"300",80,"true","20.0","0.01",0.005,"san_francisco",2,5,45.84375,10.4288827739097,0.101072
"301",20,"false","50.0","0.01",0.005,"san_francisco",2,5,31.75,8.72588251359286,0.143198
"302",40,"false","50.0","0.01",0.005,"san_francisco",2,5,39.6875,6.32574356463883,0.0992421
"303",80,"false","50.0","0.01",0.005,"san_francisco",2,5,44.06875,8.8018879299884,0.0518035
"304",20,"true","50.0","0.01",0.005,"san_francisco",2,5,32.925,8.10630492192216,0.353913
"305",40,"true","50.0","0.01",0.005,"san_francisco",2,5,44.2625,7.65678940879484,0.189187
"306",80,"true","50.0","0.01",0.005,"san_francisco",2,5,49.9,9.48961696743758,0.0800855
"307",20,"false","100.0","0.01",0.005,"san_francisco",2,5,32.7,8.53709852830874,0.172219
"308",40,"false","100.0","0.01",0.005,"san_francisco",2,5,40.275,7.93482151059892,0.0790066
"309",80,"false","100.0","0.01",0.005,"san_francisco",2,5,43.7,9.09889757646047,0.0633848
"310",20,"true","100.0","0.01",0.005,"san_francisco",2,5,24.425,5.23737798952188,0.0192326
"311",40,"true","100.0","0.01",0.005,"san_francisco",2,5,37.6875,5.72048008519069,0.0321001
"312",80,"true","100.0","0.01",0.005,"san_francisco",2,5,47.58125,9.04111633545299,0.018351
"313",20,"false","0.6","1.0",0.005,"san_francisco",2,5,30.45,7.6223356000638,0.155679
"314",40,"false","0.6","1.0",0.005,"san_francisco",2,5,37.9125,7.39858650544014,0.0873116
"315",80,"false","0.6","1.0",0.005,"san_francisco",2,5,43.63125,10.1011375379087,0.0422275
"316",20,"true","0.6","1.0",0.005,"san_francisco",2,5,7.28571428571429,6.47420604517217,0.199944
"317",40,"true","0.6","1.0",0.005,"san_francisco",2,5,9.30555555555556,7.34387770067964,0.335083
"318",80,"true","0.6","1.0",0.005,"san_francisco",2,5,8.53571428571429,7.45401486866894,0.185067
"319",20,"false","20.0","1.0",0.005,"san_francisco",2,5,31.65,8.11630205046356,0.152834
"320",40,"false","20.0","1.0",0.005,"san_francisco",2,5,40.6,7.1893028834072,0.103444
"321",80,"false","20.0","1.0",0.005,"san_francisco",2,5,44.50625,9.83703493382575,0.0694245
"322",20,"true","20.0","1.0",0.005,"san_francisco",2,5,27.65,7.45774421108345,0.31382
"323",40,"true","20.0","1.0",0.005,"san_francisco",2,5,38.3375,7.60237096594197,0.140953
"324",80,"true","20.0","1.0",0.005,"san_francisco",2,5,46.00625,11.6265240429268,0.0995649
"325",20,"false","50.0","1.0",0.005,"san_francisco",2,5,31.1,8.79335413383749,0.113184
"326",40,"false","50.0","1.0",0.005,"san_francisco",2,5,39.275,6.62747446026908,0.0786783
"327",80,"false","50.0","1.0",0.005,"san_francisco",2,5,44.91875,9.28579890589683,0.0517698
"328",20,"true","50.0","1.0",0.005,"san_francisco",2,5,34.45,7.69265383836574,0.290084
"329",40,"true","50.0","1.0",0.005,"san_francisco",2,5,45.4,7.6283946583335,0.139733
"330",80,"true","50.0","1.0",0.005,"san_francisco",2,5,49.94375,9.27242946121498,0.0593359
"331",20,"false","100.0","1.0",0.005,"san_francisco",2,5,32.675,8.76293915099851,0.110291
"332",40,"false","100.0","1.0",0.005,"san_francisco",2,5,40.6125,7.00902447210972,0.0932036
"333",80,"false","100.0","1.0",0.005,"san_francisco",2,5,44.4875,8.99894298474923,0.0403206
"334",20,"true","100.0","1.0",0.005,"san_francisco",2,5,24.175,5.43439898311601,1.11022e-16
"335",40,"true","100.0","1.0",0.005,"san_francisco",2,5,36.4,5.57707786106259,0.0104311
"336",80,"true","100.0","1.0",0.005,"san_francisco",2,5,45.64375,8.43424203347552,0.0109756
"337",20,"false","0.6","0.01",0.01,"san_francisco",2,5,9.7,4.83682455696625,0.194285
"338",40,"false","0.6","0.01",0.01,"san_francisco",2,5,14.5,4.58395661277985,0.090932
"339",80,"false","0.6","0.01",0.01,"san_francisco",2,5,19.1625,4.34645449379913,0.068666
"340",20,"true","0.6","0.01",0.01,"san_francisco",2,5,4.05555555555556,2.94661495322,0.437744
"341",40,"true","0.6","0.01",0.01,"san_francisco",2,5,7.07792207792208,4.08065472612524,0.221125
"342",80,"true","0.6","0.01",0.01,"san_francisco",2,5,11.1625,4.89369701148851,0.118819
"343",20,"false","20.0","0.01",0.01,"san_francisco",2,5,10.2307692307692,5.44572037891628,0.242293
"344",40,"false","20.0","0.01",0.01,"san_francisco",2,5,14.65,5.09181522430665,0.123114
"345",80,"false","20.0","0.01",0.01,"san_francisco",2,5,18.70625,4.13087298705977,0.066997
"346",20,"true","20.0","0.01",0.01,"san_francisco",2,5,5.725,4.18169086154614,0.371756
"347",40,"true","20.0","0.01",0.01,"san_francisco",2,5,10.7375,4.14528480034236,0.234437
"348",80,"true","20.0","0.01",0.01,"san_francisco",2,5,16.9125,4.61251715068994,0.141365
"349",20,"false","50.0","0.01",0.01,"san_francisco",2,5,9.625,4.92865769420708,0.142826
"350",40,"false","50.0","0.01",0.01,"san_francisco",2,5,14.625,5.11729507266871,0.119982
"351",80,"false","50.0","0.01",0.01,"san_francisco",2,5,19.2625,4.34732260552147,0.0524219
"352",20,"true","50.0","0.01",0.01,"san_francisco",2,5,8.48717948717949,4.30954750874085,0.408564
"353",40,"true","50.0","0.01",0.01,"san_francisco",2,5,13.8375,4.17176692068317,0.255864
"354",80,"true","50.0","0.01",0.01,"san_francisco",2,5,20.69375,4.36538251077827,0.0998037
"355",20,"false","100.0","0.01",0.01,"san_francisco",2,5,9.925,5.29822176264394,0.262663
"356",40,"false","100.0","0.01",0.01,"san_francisco",2,5,15.0125,4.49892743898652,0.127227
"357",80,"false","100.0","0.01",0.01,"san_francisco",2,5,19.6375,4.55226462406868,0.0700633
"358",20,"true","100.0","0.01",0.01,"san_francisco",2,5,6.425,3.71336808895948,0.0235289
"359",40,"true","100.0","0.01",0.01,"san_francisco",2,5,12.225,4.07826905451475,0.0416911
"360",80,"true","100.0","0.01",0.01,"san_francisco",2,5,18.9375,4.01050115283057,0.0295951
"361",20,"false","0.6","1.0",0.01,"san_francisco",2,5,9.775,4.67666054425098,0.158983
"362",40,"false","0.6","1.0",0.01,"san_francisco",2,5,13.9875,4.84831629393916,0.117334
"363",80,"false","0.6","1.0",0.01,"san_francisco",2,5,18.39375,4.46664349238333,0.0249349
"364",20,"true","0.6","1.0",0.01,"san_francisco",2,5,3,2.16024689946929,0.50545
"365",40,"true","0.6","1.0",0.01,"san_francisco",2,5,3.11111111111111,2.32350872829381,0.648462
"366",80,"true","0.6","1.0",0.01,"san_francisco",2,5,3.29166666666667,2.92632974852484,0.442405
"367",20,"false","20.0","1.0",0.01,"san_francisco",2,5,9.35,4.73692532540482,0.178295
"368",40,"false","20.0","1.0",0.01,"san_francisco",2,5,14.9,4.93655955632711,0.086192
"369",80,"false","20.0","1.0",0.01,"san_francisco",2,5,19.275,4.53768289303427,0.0841791
"370",20,"true","20.0","1.0",0.01,"san_francisco",2,5,6.675,4.28705565089213,0.446404
"371",40,"true","20.0","1.0",0.01,"san_francisco",2,5,10.175,3.96751045877718,0.213941
"372",80,"true","20.0","1.0",0.01,"san_francisco",2,5,15.20625,4.69992221934837,0.110537
"373",20,"false","50.0","1.0",0.01,"san_francisco",2,5,9.5,5.24282171041315,0.197304
"374",40,"false","50.0","1.0",0.01,"san_francisco",2,5,15.2125,5.07835752875607,0.0836174
"375",80,"false","50.0","1.0",0.01,"san_francisco",2,5,19.34375,4.31910611966828,0.0794237
"376",20,"true","50.0","1.0",0.01,"san_francisco",2,5,9.4,4.04335478887494,0.304287
"377",40,"true","50.0","1.0",0.01,"san_francisco",2,5,15.3625,4.25825705712525,0.217175
"378",80,"true","50.0","1.0",0.01,"san_francisco",2,5,21.3125,4.24736322200287,0.085099
"379",20,"false","100.0","1.0",0.01,"san_francisco",2,5,9.875,5.03926887248843,0.149909
"380",40,"false","100.0","1.0",0.01,"san_francisco",2,5,14.875,4.76903248951776,0.0844689
"381",80,"false","100.0","1.0",0.01,"san_francisco",2,5,19.5375,4.50001747026658,0.0602819
"382",20,"true","100.0","1.0",0.01,"san_francisco",2,5,6.20512820512821,4.124251046391,0
"383",40,"true","100.0","1.0",0.01,"san_francisco",2,5,11.75,4.81690062649933,0.0305624
"384",80,"true","100.0","1.0",0.01,"san_francisco",2,5,17.425,3.90862616408452,0.0133556
"385",20,"false","0.6","0.01",0.005,"new_york",2,10,26.875,11.7455665394792,0.122485
"386",40,"false","0.6","0.01",0.005,"new_york",2,10,39.3625,11.0100572550507,0.130197
"387",80,"false","0.6","0.01",0.005,"new_york",2,10,42.65625,9.42434080907172,0.0585028
"388",20,"true","0.6","0.01",0.005,"new_york",2,10,19.15,7.01116325985997,0.414367
"389",40,"true","0.6","0.01",0.005,"new_york",2,10,29.4875,6.60646739130718,0.284824
"390",80,"true","0.6","0.01",0.005,"new_york",2,10,39.90625,8.93920548226116,0.184914
"391",20,"false","20.0","0.01",0.005,"new_york",2,10,26.925,11.9901401801005,0.163987
"392",40,"false","20.0","0.01",0.005,"new_york",2,10,39.65,11.3974236484736,0.0719026
"393",80,"false","20.0","0.01",0.005,"new_york",2,10,43.50625,9.52454417932425,0.0597922
"394",20,"true","20.0","0.01",0.005,"new_york",2,10,21.475,7.11800713971443,0.407406
"395",40,"true","20.0","0.01",0.005,"new_york",2,10,35.4375,6.50772423229076,0.265907
"396",80,"true","20.0","0.01",0.005,"new_york",2,10,49.6625,7.35521677698747,0.170362
"397",20,"false","50.0","0.01",0.005,"new_york",2,10,27.3,10.8254211737809,0.123272
"398",40,"false","50.0","0.01",0.005,"new_york",2,10,40.45,12.4269001807074,0.0980974
"399",80,"false","50.0","0.01",0.005,"new_york",2,10,43.78125,9.0231511285863,0.100324
"400",20,"true","50.0","0.01",0.005,"new_york",2,10,25.45,7.59199983788603,0.457499
"401",40,"true","50.0","0.01",0.005,"new_york",2,10,38.7375,5.98890059858626,0.266463
"402",80,"true","50.0","0.01",0.005,"new_york",2,10,51.58125,8.55281179628323,0.150839
"403",20,"false","100.0","0.01",0.005,"new_york",2,10,29.325,12.4496678979494,0.110832
"404",40,"false","100.0","0.01",0.005,"new_york",2,10,40.5,12.441254363069,0.0721328
"405",80,"false","100.0","0.01",0.005,"new_york",2,10,43.7375,9.18741790704778,0.092853
"406",20,"true","100.0","0.01",0.005,"new_york",2,10,29.575,8.07619960129763,0.281496
"407",40,"true","100.0","0.01",0.005,"new_york",2,10,43.4125,8.0074233754638,0.204692
"408",80,"true","100.0","0.01",0.005,"new_york",2,10,53.55,9.57972176957086,0.110985
"409",20,"false","0.6","1.0",0.005,"new_york",2,10,28.25,10.935123368162,0.171227
"410",40,"false","0.6","1.0",0.005,"new_york",2,10,40.4125,11.3869720694921,0.0514753
"411",80,"false","0.6","1.0",0.005,"new_york",2,10,41.84375,9.06617660185928,0.0469113
"412",20,"true","0.6","1.0",0.005,"new_york",2,10,16.5,7.64266029666741,0.410317
"413",40,"true","0.6","1.0",0.005,"new_york",2,10,15.6708860759494,9.06913831174848,0.18902
"414",80,"true","0.6","1.0",0.005,"new_york",2,10,12.4054054054054,10.0782198810363,0.156201
"415",20,"false","20.0","1.0",0.005,"new_york",2,10,29.525,11.9721632259042,0.134366
"416",40,"false","20.0","1.0",0.005,"new_york",2,10,40.725,12.3738955523004,0.0644943
"417",80,"false","20.0","1.0",0.005,"new_york",2,10,42.59375,8.72522323154265,0.0577945
"418",20,"true","20.0","1.0",0.005,"new_york",2,10,20.45,6.96861094204135,0.369279
"419",40,"true","20.0","1.0",0.005,"new_york",2,10,34.675,5.70093263522666,0.258111
"420",80,"true","20.0","1.0",0.005,"new_york",2,10,46.04375,7.64161634174769,0.137638
"421",20,"false","50.0","1.0",0.005,"new_york",2,10,28.575,11.2884953915537,0.126716
"422",40,"false","50.0","1.0",0.005,"new_york",2,10,40.725,12.4229014731929,0.101607
"423",80,"false","50.0","1.0",0.005,"new_york",2,10,42.59375,8.73674872603572,0.0759463
"424",20,"true","50.0","1.0",0.005,"new_york",2,10,27,6.59836809661764,0.391856
"425",40,"true","50.0","1.0",0.005,"new_york",2,10,41.4875,6.40607652590072,0.263186
"426",80,"true","50.0","1.0",0.005,"new_york",2,10,52.85,8.06904170036716,0.115677
"427",20,"false","100.0","1.0",0.005,"new_york",2,10,28.425,12.2367406000463,0.0950097
"428",40,"false","100.0","1.0",0.005,"new_york",2,10,40.35,12.6672107367053,0.117764
"429",80,"false","100.0","1.0",0.005,"new_york",2,10,43.0375,9.17261956507162,0.101749
"430",20,"true","100.0","1.0",0.005,"new_york",2,10,27.9,7.8766125740083,0.178998
"431",40,"true","100.0","1.0",0.005,"new_york",2,10,42.5625,7.39627643231992,0.134873
"432",80,"true","100.0","1.0",0.005,"new_york",2,10,50.5375,9.63933731640153,0.0923349
"433",20,"false","0.6","0.01",0.01,"new_york",2,10,7.54054054054054,4.53746499585271,0.213042
"434",40,"false","0.6","0.01",0.01,"new_york",2,10,13.875,6.57262254268474,0.150582
"435",80,"false","0.6","0.01",0.01,"new_york",2,10,19.4968553459119,6.71939777839199,0.0912783
"436",20,"true","0.6","0.01",0.01,"new_york",2,10,4.72972972972973,3.12382109895209,0.527215
"437",40,"true","0.6","0.01",0.01,"new_york",2,10,7.05063291139241,3.55144872634057,0.366328
"438",80,"true","0.6","0.01",0.01,"new_york",2,10,10.975,3.83454998466647,0.219844
"439",20,"false","20.0","0.01",0.01,"new_york",2,10,7.54054054054054,3.95526789789821,0.170219
"440",40,"false","20.0","0.01",0.01,"new_york",2,10,13.775,6.23581935578434,0.108431
"441",80,"false","20.0","0.01",0.01,"new_york",2,10,19.475,6.5674535811744,0.087333
"442",20,"true","20.0","0.01",0.01,"new_york",2,10,5.31578947368421,3.03230590304078,0.404806
"443",40,"true","20.0","0.01",0.01,"new_york",2,10,9.4125,4.10215673437982,0.392428
"444",80,"true","20.0","0.01",0.01,"new_york",2,10,15.98125,3.96759178736863,0.208464
"445",20,"false","50.0","0.01",0.01,"new_york",2,10,8.18918918918919,4.47112860371864,0.214871
"446",40,"false","50.0","0.01",0.01,"new_york",2,10,14.2911392405063,6.34105851135803,0.111138
"447",80,"false","50.0","0.01",0.01,"new_york",2,10,19.4125,6.93399927256628,0.0898225
"448",20,"true","50.0","0.01",0.01,"new_york",2,10,6.225,3.3625959141787,0.552114
"449",40,"true","50.0","0.01",0.01,"new_york",2,10,10.7125,3.74907161503799,0.361458
"450",80,"true","50.0","0.01",0.01,"new_york",2,10,18.625,4.08209774657328,0.195589
"451",20,"false","100.0","0.01",0.01,"new_york",2,10,8.2972972972973,4.36440695261659,0.212667
"452",40,"false","100.0","0.01",0.01,"new_york",2,10,14.5324675324675,6.4125379153171,0.0988531
"453",80,"false","100.0","0.01",0.01,"new_york",2,10,19.75,6.87077485949084,0.0924867
"454",20,"true","100.0","0.01",0.01,"new_york",2,10,8.925,3.23750061875056,0.338493
"455",40,"true","100.0","0.01",0.01,"new_york",2,10,14.25,4.1169609044303,0.275723
"456",80,"true","100.0","0.01",0.01,"new_york",2,10,21.95625,4.45853978831917,0.133101
"457",20,"false","0.6","1.0",0.01,"new_york",2,10,8.16216216216216,3.97571456549716,0.11572
"458",40,"false","0.6","1.0",0.01,"new_york",2,10,14.5769230769231,6.10411662406935,0.101373
"459",80,"false","0.6","1.0",0.01,"new_york",2,10,19.8025477707006,5.51389793071395,0.0561365
"460",20,"true","0.6","1.0",0.01,"new_york",2,10,4.14285714285714,2.71317978354092,0.547852
"461",40,"true","0.6","1.0",0.01,"new_york",2,10,4.01785714285714,3.27797649017345,0.316217
"462",80,"true","0.6","1.0",0.01,"new_york",2,10,4.33333333333333,3.20342079064002,0.289389
"463",20,"false","20.0","1.0",0.01,"new_york",2,10,8.7027027027027,4.27437366993929,0.165873
"464",40,"false","20.0","1.0",0.01,"new_york",2,10,15.0897435897436,6.09915024406136,0.0484196
"465",80,"false","20.0","1.0",0.01,"new_york",2,10,19.7169811320755,6.24411832155396,0.0776594
"466",20,"true","20.0","1.0",0.01,"new_york",2,10,5.83333333333333,2.84353904241076,0.573877
"467",40,"true","20.0","1.0",0.01,"new_york",2,10,9.0625,3.56261797495087,0.298849
"468",80,"true","20.0","1.0",0.01,"new_york",2,10,14.6603773584906,3.8349330175512,0.176822
"469",20,"false","50.0","1.0",0.01,"new_york",2,10,7.72222222222222,4.39227315772408,0.130273
"470",40,"false","50.0","1.0",0.01,"new_york",2,10,14.5189873417722,6.31615908824682,0.140898
"471",80,"false","50.0","1.0",0.01,"new_york",2,10,19.6625,6.72261507592986,0.0841293
"472",20,"true","50.0","1.0",0.01,"new_york",2,10,7.125,3.44322076416387,0.444091
"473",40,"true","50.0","1.0",0.01,"new_york",2,10,11.2375,3.77279988699928,0.333467
"474",80,"true","50.0","1.0",0.01,"new_york",2,10,19.1875,4.21913505696734,0.179354
"475",20,"false","100.0","1.0",0.01,"new_york",2,10,7.57894736842105,4.19543882926781,0.145335
"476",40,"false","100.0","1.0",0.01,"new_york",2,10,14.8846153846154,6.03879399938704,0.170615
"477",80,"false","100.0","1.0",0.01,"new_york",2,10,19.83125,6.66939114926444,0.1144
"478",20,"true","100.0","1.0",0.01,"new_york",2,10,8.625,3.68425269881396,0.251113
"479",40,"true","100.0","1.0",0.01,"new_york",2,10,14.2125,3.77095411490366,0.175625
"480",80,"true","100.0","1.0",0.01,"new_york",2,10,21.51875,4.37542001577739,0.119204
"481",20,"false","0.6","0.01",0.005,"san_francisco",2,10,40.675,10.469461083772,0.163569
"482",40,"false","0.6","0.01",0.005,"san_francisco",2,10,43.6125,9.08120015210168,0.0650979
"483",80,"false","0.6","0.01",0.005,"san_francisco",2,10,42.94375,12.6093939599703,0.0511692
"484",20,"true","0.6","0.01",0.005,"san_francisco",2,10,33.025,6.1913401059619,0.298804
"485",40,"true","0.6","0.01",0.005,"san_francisco",2,10,44.8125,8.72228885011326,0.153064
"486",80,"true","0.6","0.01",0.005,"san_francisco",2,10,47.25,14.4409445848651,0.0961254
"487",20,"false","20.0","0.01",0.005,"san_francisco",2,10,40.75,10.0937909322819,0.099738
"488",40,"false","20.0","0.01",0.005,"san_francisco",2,10,43.425,8.7116610341934,0.0988032
"489",80,"false","20.0","0.01",0.005,"san_francisco",2,10,43.0375,13.1836984818516,0.0764409
"490",20,"true","20.0","0.01",0.005,"san_francisco",2,10,41.475,7.9614053005091,0.293945
"491",40,"true","20.0","0.01",0.005,"san_francisco",2,10,52.6125,7.86836921968048,0.167227
"492",80,"true","20.0","0.01",0.005,"san_francisco",2,10,52.2375,11.1910158823043,0.0887559
"493",20,"false","50.0","0.01",0.005,"san_francisco",2,10,41.225,9.44481271277981,0.0474154
"494",40,"false","50.0","0.01",0.005,"san_francisco",2,10,44.1875,8.39543840879971,0.0976748
"495",80,"false","50.0","0.01",0.005,"san_francisco",2,10,43.25,12.3969969989185,0.054046
"496",20,"true","50.0","0.01",0.005,"san_francisco",2,10,47.425,7.89315672446221,0.300154
"497",40,"true","50.0","0.01",0.005,"san_francisco",2,10,54.3,8.28358144276902,0.158135
"498",80,"true","50.0","0.01",0.005,"san_francisco",2,10,50.48125,10.3977331074415,0.0603893
"499",20,"false","100.0","0.01",0.005,"san_francisco",2,10,43.175,9.67123013415007,0.0954005
"500",40,"false","100.0","0.01",0.005,"san_francisco",2,10,44.8625,9.15650664413294,0.0925615
"501",80,"false","100.0","0.01",0.005,"san_francisco",2,10,43.25,12.9939511810533,0.050327
"502",20,"true","100.0","0.01",0.005,"san_francisco",2,10,33.675,4.3346398424901,0.0185448
"503",40,"true","100.0","0.01",0.005,"san_francisco",2,10,46.525,7.46294644361415,0.0182106
"504",80,"true","100.0","0.01",0.005,"san_francisco",2,10,48.5125,9.08657694091371,0.0119597
"505",20,"false","0.6","1.0",0.005,"san_francisco",2,10,40.55,9.22079589423152,0.120527
"506",40,"false","0.6","1.0",0.005,"san_francisco",2,10,42.65,8.98113353055564,0.0973188
"507",80,"false","0.6","1.0",0.005,"san_francisco",2,10,41.4,11.8077897750201,0.067637
"508",20,"true","0.6","1.0",0.005,"san_francisco",2,10,16.575,9.53774552730307,0.191358
"509",40,"true","0.6","1.0",0.005,"san_francisco",2,10,14.2272727272727,9.66379875320749,0.159174
"510",80,"true","0.6","1.0",0.005,"san_francisco",2,10,24.6623376623377,14.4689077414864,0.0838545
"511",20,"false","20.0","1.0",0.005,"san_francisco",2,10,42.875,10.5032046391712,0.144194
"512",40,"false","20.0","1.0",0.005,"san_francisco",2,10,43.925,9.05926338973302,0.0845652
"513",80,"false","20.0","1.0",0.005,"san_francisco",2,10,44.43125,13.3259202072903,0.0588529
"514",20,"true","20.0","1.0",0.005,"san_francisco",2,10,42.4,7.59824541149688,0.342462
"515",40,"true","20.0","1.0",0.005,"san_francisco",2,10,53.75,8.5098602526121,0.155031
"516",80,"true","20.0","1.0",0.005,"san_francisco",2,10,53.9875,11.9174242183452,0.079051
"517",20,"false","50.0","1.0",0.005,"san_francisco",2,10,41.35,10.3268383227196,0.109147
"518",40,"false","50.0","1.0",0.005,"san_francisco",2,10,45.4125,9.37366868184288,0.0936266
"519",80,"false","50.0","1.0",0.005,"san_francisco",2,10,43.60625,13.2114381903184,0.0427092
"520",20,"true","50.0","1.0",0.005,"san_francisco",2,10,46.725,7.29238274872117,0.190711
"521",40,"true","50.0","1.0",0.005,"san_francisco",2,10,54.475,9.211955632887,0.0934227
"522",80,"true","50.0","1.0",0.005,"san_francisco",2,10,48.475,9.39084928611174,0.0537591
"523",20,"false","100.0","1.0",0.005,"san_francisco",2,10,43.2,10.2035690085783,0.137686
"524",40,"false","100.0","1.0",0.005,"san_francisco",2,10,46.825,9.93112356130329,0.112743
"525",80,"false","100.0","1.0",0.005,"san_francisco",2,10,43.7375,13.5560738550946,0.0739498
"526",20,"true","100.0","1.0",0.005,"san_francisco",2,10,33.05,4.23629010410688,2.22045e-16
"527",40,"true","100.0","1.0",0.005,"san_francisco",2,10,47.45,7.27558775736984,1.11022e-16
"528",80,"true","100.0","1.0",0.005,"san_francisco",2,10,50.4125,8.98383418867244,0.0107132
"529",20,"false","0.6","0.01",0.01,"san_francisco",2,10,14.85,7.02212620295708,0.174976
"530",40,"false","0.6","0.01",0.01,"san_francisco",2,10,19.1875,5.58500195482894,0.0719313
"531",80,"false","0.6","0.01",0.01,"san_francisco",2,10,21.51875,5.2124329777149,0.0624714
"532",20,"true","0.6","0.01",0.01,"san_francisco",2,10,7.15,4.10471898535307,0.234743
"533",40,"true","0.6","0.01",0.01,"san_francisco",2,10,13.6,3.80738788825693,0.198335
"534",80,"true","0.6","0.01",0.01,"san_francisco",2,10,17.3125,5.87841965242895,0.126996
"535",20,"false","20.0","0.01",0.01,"san_francisco",2,10,14.525,7.37976269509375,0.145868
"536",40,"false","20.0","0.01",0.01,"san_francisco",2,10,19.95,6.02084984959702,0.0799253
"537",80,"false","20.0","0.01",0.01,"san_francisco",2,10,21.875,5.19403382944159,0.0881268
"538",20,"true","20.0","0.01",0.01,"san_francisco",2,10,10.1,4.33707924878672,0.3025
"539",40,"true","20.0","0.01",0.01,"san_francisco",2,10,18.9125,4.21027600646714,0.211111
"540",80,"true","20.0","0.01",0.01,"san_francisco",2,10,25.38125,4.90907499388607,0.103109
"541",20,"false","50.0","0.01",0.01,"san_francisco",2,10,14.325,6.01445907365891,0.0586802
"542",40,"false","50.0","0.01",0.01,"san_francisco",2,10,20.1875,6.13991660768834,0.0971504
"543",80,"false","50.0","0.01",0.01,"san_francisco",2,10,21.98125,5.05625196783785,0.0963947
"544",20,"true","50.0","0.01",0.01,"san_francisco",2,10,14.975,4.32931273043987,0.292856
"545",40,"true","50.0","0.01",0.01,"san_francisco",2,10,21.5875,4.84361448360858,0.183518
"546",80,"true","50.0","0.01",0.01,"san_francisco",2,10,26.84375,4.69114899899988,0.0863883
"547",20,"false","100.0","0.01",0.01,"san_francisco",2,10,14.825,6.70968492515646,0.0956499
"548",40,"false","100.0","0.01",0.01,"san_francisco",2,10,20.5375,6.06075516454484,0.126425
"549",80,"false","100.0","0.01",0.01,"san_francisco",2,10,22.28125,5.0271863105775,0.0789095
"550",20,"true","100.0","0.01",0.01,"san_francisco",2,10,10.1,2.79009236130551,0.0245185
"551",40,"true","100.0","0.01",0.01,"san_francisco",2,10,17.6125,3.61954521935239,0.0307335
"552",80,"true","100.0","0.01",0.01,"san_francisco",2,10,23.78125,4.4321181599375,0.0195433
"553",20,"false","0.6","1.0",0.01,"san_francisco",2,10,14.5,6.39310526049704,0.171291
"554",40,"false","0.6","1.0",0.01,"san_francisco",2,10,19.65,6.23404292086929,0.101885
"555",80,"false","0.6","1.0",0.01,"san_francisco",2,10,21.16875,5.71241820056211,0.0664096
"556",20,"true","0.6","1.0",0.01,"san_francisco",2,10,4.84615384615385,3.77032951018669,0.547684
"557",40,"true","0.6","1.0",0.01,"san_francisco",2,10,3.58620689655172,3.34362123388177,0.38961
"558",80,"true","0.6","1.0",0.01,"san_francisco",2,10,6.71304347826087,5.00134230647274,0.139737
"559",20,"false","20.0","1.0",0.01,"san_francisco",2,10,14.4,6.57423096799259,0.135344
"560",40,"false","20.0","1.0",0.01,"san_francisco",2,10,19.775,5.87846315918745,0.107512
"561",80,"false","20.0","1.0",0.01,"san_francisco",2,10,22.35625,5.18263534502447,0.0809228
"562",20,"true","20.0","1.0",0.01,"san_francisco",2,10,10.95,4.58509290233872,0.427189
"563",40,"true","20.0","1.0",0.01,"san_francisco",2,10,19.0875,4.72588816915316,0.186136
"564",80,"true","20.0","1.0",0.01,"san_francisco",2,10,24.95625,5.08833525432212,0.106789
"565",20,"false","50.0","1.0",0.01,"san_francisco",2,10,15.175,6.64825984558057,0.158411
"566",40,"false","50.0","1.0",0.01,"san_francisco",2,10,19.9,6.07255706989145,0.100986
"567",80,"false","50.0","1.0",0.01,"san_francisco",2,10,21.70625,4.85590721757123,0.0543168
"568",20,"true","50.0","1.0",0.01,"san_francisco",2,10,15.2,4.20744151504975,0.240094
"569",40,"true","50.0","1.0",0.01,"san_francisco",2,10,23.625,3.72257907057847,0.173431
"570",80,"true","50.0","1.0",0.01,"san_francisco",2,10,27.2375,4.38477569114262,0.0785932
"571",20,"false","100.0","1.0",0.01,"san_francisco",2,10,14.925,6.74969135096808,0.15768
"572",40,"false","100.0","1.0",0.01,"san_francisco",2,10,20.6125,6.04517539610062,0.147387
"573",80,"false","100.0","1.0",0.01,"san_francisco",2,10,21.9625,5.03682976564131,0.0921412
"574",20,"true","100.0","1.0",0.01,"san_francisco",2,10,9.8,3.18811896956537,0.0257781
"575",40,"true","100.0","1.0",0.01,"san_francisco",2,10,17.15,3.38313015124354,0.0153512
"576",80,"true","100.0","1.0",0.01,"san_francisco",2,10,23.625,3.66137411054354,0.0146097
